MMSI,BaseDateTime,LAT,LON,SOG,COG,Heading,VesselName,IMO,CallSign,VesselType,Status,Length,Width,Draft,Cargo
316013007,2017-01-01T00:56:16,44.23762,-76.47205,-0.1,-49.6,101,WOLFE ISLANDER III,IMO7423079,VA3418,WOLFE ISLANDER III,under way using engine,62.49,20.27,2.3,60
316013007,2017-01-01T00:56:16,44.22762,-76.48205,-0.1,-49.6,101,WOLFE ISLANDER III,IMO7423079,VA3418,WOLFE ISLANDER III,under way using engine,62.49,20.27,2.3,60
316013007,2017-01-01T01:00:38,44.2376,-76.47205,-0.1,-49.6,100,WOLFE ISLANDER III,IMO7423079,VA3418,WOLFE ISLANDER III,under way using engine,62.49,20.27,2.3,60
316013007,2017-01-01T01:00:38,44.2276,-76.48205,-0.1,-49.6,100,WOLFE ISLANDER III,IMO7423079,VA3418,WOLFE ISLANDER III,under way using engine,62.49,20.27,2.3,60
316013007,2017-01-01T01:27:46,44.22034,-76.42106,-0.1,-49.6,116,WOLFE ISLANDER III,IMO7423079,VA3418,WOLFE ISLANDER III,under way using engine,62.49,20.27,2.3,60
316013007,2017-01-01T01:27:46,44.21034,-76.43106,-0.1,-49.6,116,WOLFE ISLANDER III,IMO7423079,VA3418,WOLFE ISLANDER III,under way using engine,62.49,20.27,2.3,60
316013007,2017-01-01T01:49:56,44.22656,-76.47973,-0.1,-49.6,156,WOLFE ISLANDER III,IMO7423079,VA3418,WOLFE ISLANDER III,under way using engine,62.49,20.27,2.3,60
316013007,2017-01-01T01:50:58,44.23758,-76.47147,-0.1,-49.6,97,WOLFE ISLANDER III,IMO7423079,VA3418,WOLFE ISLANDER III,under way using engine,62.49,20.27,2.3,60
316013007,2017-01-01T06:39:08,44.23755,-76.47088,-0.1,-49.6,98,WOLFE ISLANDER III,IMO7423079,VA3418,WOLFE ISLANDER III,under way using engine,62.49,20.27,2.3,60
316013007,2017-01-01T06:39:08,44.22755,-76.48088,-0.1,-49.6,98,WOLFE ISLANDER III,IMO7423079,VA3418,WOLFE ISLANDER III,under way using engine,62.49,20.27,2.3,60
316013007,2017-01-01T06:55:47,44.23763,-76.47204,-0.1,-49.6,100,WOLFE ISLANDER III,IMO7423079,VA3418,WOLFE ISLANDER III,under way using engine,62.49,20.27,2.3,60
316013007,2017-01-01T06:55:47,44.22763,-76.48204,-0.1,-49.6,100,WOLFE ISLANDER III,IMO7423079,VA3418,WOLFE ISLANDER III,under way using engine,62.49,20.27,2.3,60
316013007,2017-01-01T08:13:06,44.22033,-76.42103,-0.1,-49.6,116,WOLFE ISLANDER III,IMO7423079,VA3418,WOLFE ISLANDER III,under way using engine,62.49,20.27,2.3,60
316013007,2017-01-01T08:13:06,44.21033,-76.43103,-0.1,-49.6,116,WOLFE ISLANDER III,IMO7423079,VA3418,WOLFE ISLANDER III,under way using engine,62.49,20.27,2.3,60
316013007,2017-01-01T15:04:37,44.22171,-76.4288,-0.1,-49.6,99,WOLFE ISLANDER III,IMO7423079,VA3418,WOLFE ISLANDER III,under way using engine,62.49,20.27,2.3,60
316013007,2017-01-01T15:04:37,44.21171,-76.4388,-0.1,-49.6,99,WOLFE ISLANDER III,IMO7423079,VA3418,WOLFE ISLANDER III,under way using engine,62.49,20.27,2.3,60
316013007,2017-01-01T17:10:17,44.22495,-76.44919,-0.1,-49.6,100,WOLFE ISLANDER III,IMO7423079,VA3418,WOLFE ISLANDER III,under way using engine,62.49,20.27,2.3,60
316013007,2017-01-01T17:10:17,44.21495,-76.45919,-0.1,-49.6,100,WOLFE ISLANDER III,IMO7423079,VA3418,WOLFE ISLANDER III,under way using engine,62.49,20.27,2.3,60
316013007,2017-01-02T05:08:21,44.22507,-76.45113,-0.1,-49.6,97,WOLFE ISLANDER III,IMO7423079,VA3418,WOLFE ISLANDER III,under way using engine,62.49,20.27,2.3,60
316013007,2017-01-02T05:08:21,44.21507,-76.46113,-0.1,-49.6,97,WOLFE ISLANDER III,IMO7423079,VA3418,WOLFE ISLANDER III,under way using engine,62.49,20.27,2.3,60
316013007,2017-01-02T08:25:48,44.22034,-76.42106,-0.1,-49.6,115,WOLFE ISLANDER III,IMO7423079,VA3418,WOLFE ISLANDER III,under way using engine,62.49,20.27,2.3,60
316013007,2017-01-02T08:25:48,44.21034,-76.43106,-0.1,-49.6,115,WOLFE ISLANDER III,IMO7423079,VA3418,WOLFE ISLANDER III,under way using engine,62.49,20.27,2.3,60
316013007,2017-01-02T11:10:35,44.23761,-76.47203,-0.1,-49.6,101,WOLFE ISLANDER III,IMO7423079,VA3418,WOLFE ISLANDER III,under way using engine,62.49,20.27,2.3,60
316013007,2017-01-02T11:10:35,44.22761,-76.48203,-0.1,-49.6,101,WOLFE ISLANDER III,IMO7423079,VA3418,WOLFE ISLANDER III,under way using engine,62.49,20.27,2.3,60
316013007,2017-01-02T12:34:28,44.22035,-76.42105,-0.1,-49.6,115,WOLFE ISLANDER III,IMO7423079,VA3418,WOLFE ISLANDER III,under way using engine,62.49,20.27,2.3,60
316013007,2017-01-02T12:34:28,44.21035,-76.43105,-0.1,-49.6,115,WOLFE ISLANDER III,IMO7423079,VA3418,WOLFE ISLANDER III,under way using engine,62.49,20.27,2.3,60
316013007,2017-01-02T21:11:17,44.2237,-76.44286,-0.1,-49.6,100,WOLFE ISLANDER III,IMO7423079,VA3418,WOLFE ISLANDER III,under way using engine,62.49,20.27,2.3,60
316013007,2017-01-02T21:11:17,44.2137,-76.45286,-0.1,-49.6,100,WOLFE ISLANDER III,IMO7423079,VA3418,WOLFE ISLANDER III,under way using engine,62.49,20.27,2.3,60
316013007,2017-01-03T03:48:36,44.22362,-76.4441,-0.1,-49.6,101,WOLFE ISLANDER III,IMO7423079,VA3418,WOLFE ISLANDER III,under way using engine,62.49,20.27,2.3,60
316013007,2017-01-03T03:48:36,44.21362,-76.4541,-0.1,-49.6,101,WOLFE ISLANDER III,IMO7423079,VA3418,WOLFE ISLANDER III,under way using engine,62.49,20.27,2.3,60
316013007,2017-01-03T05:15:50,44.21955,-76.47925,-0.1,-49.6,177,WOLFE ISLANDER III,IMO7423079,VA3418,WOLFE ISLANDER III,under way using engine,62.49,20.27,2.3,60
316013007,2017-01-03T16:20:29,44.23761,-76.47203,-0.1,-49.6,101,WOLFE ISLANDER III,IMO7423079,VA3418,WOLFE ISLANDER III,under way using engine,62.49,20.27,2.3,60
316013007,2017-01-03T16:20:29,44.22761,-76.48203,-0.1,-49.6,101,WOLFE ISLANDER III,IMO7423079,VA3418,WOLFE ISLANDER III,under way using engine,62.49,20.27,2.3,60
316013007,2017-01-03T16:37:02,44.22652,-76.46113,-0.1,-49.6,97,WOLFE ISLANDER III,IMO7423079,VA3418,WOLFE ISLANDER III,under way using engine,62.49,20.27,2.3,60
316013007,2017-01-03T16:37:02,44.21652,-76.47113,-0.1,-49.6,97,WOLFE ISLANDER III,IMO7423079,VA3418,WOLFE ISLANDER III,under way using engine,62.49,20.27,2.3,60
316013007,2017-01-04T09:45:07,44.22034,-76.42105,-0.1,-49.6,115,WOLFE ISLANDER III,IMO7423079,VA3418,WOLFE ISLANDER III,under way using engine,62.49,20.27,2.3,60
316013007,2017-01-04T09:45:07,44.21034,-76.43105,-0.1,-49.6,115,WOLFE ISLANDER III,IMO7423079,VA3418,WOLFE ISLANDER III,under way using engine,62.49,20.27,2.3,60
316013007,2017-01-04T13:53:39,44.22034,-76.42105,-0.1,-49.6,116,WOLFE ISLANDER III,IMO7423079,VA3418,WOLFE ISLANDER III,under way using engine,62.49,20.27,2.3,60
316013007,2017-01-04T13:53:39,44.21034,-76.43105,-0.1,-49.6,116,WOLFE ISLANDER III,IMO7423079,VA3418,WOLFE ISLANDER III,under way using engine,62.49,20.27,2.3,60
316013007,2017-01-04T15:54:18,44.23762,-76.47203,-0.1,-49.6,101,WOLFE ISLANDER III,IMO7423079,VA3418,WOLFE ISLANDER III,under way using engine,62.49,20.27,2.3,60
316013007,2017-01-04T15:54:18,44.22762,-76.48203,-0.1,-49.6,101,WOLFE ISLANDER III,IMO7423079,VA3418,WOLFE ISLANDER III,under way using engine,62.49,20.27,2.3,60
316013007,2017-01-04T20:03:40,44.21664,-76.46333,-0.1,-49.6,92,WOLFE ISLANDER III,IMO7423079,VA3418,WOLFE ISLANDER III,under way using engine,62.49,20.27,2.3,60
316013007,2017-01-05T05:58:27,44.22537,-76.46455,-0.1,-49.6,131,WOLFE ISLANDER III,IMO7423079,VA3418,WOLFE ISLANDER III,under way using engine,62.49,20.27,2.3,60
316013007,2017-01-05T05:58:27,44.21537,-76.47455,-0.1,-49.6,131,WOLFE ISLANDER III,IMO7423079,VA3418,WOLFE ISLANDER III,under way using engine,62.49,20.27,2.3,60
316013007,2017-01-05T08:32:54,44.23761,-76.47204,-0.1,-49.6,101,WOLFE ISLANDER III,IMO7423079,VA3418,WOLFE ISLANDER III,under way using engine,62.49,20.27,2.3,60
316013007,2017-01-05T08:32:54,44.22761,-76.48204,-0.1,-49.6,101,WOLFE ISLANDER III,IMO7423079,VA3418,WOLFE ISLANDER III,under way using engine,62.49,20.27,2.3,60
316013007,2017-01-06T05:59:37,44.22038,-76.42118,-0.1,-49.6,114,WOLFE ISLANDER III,IMO7423079,VA3418,WOLFE ISLANDER III,under way using engine,62.49,20.27,2.3,60
316013007,2017-01-06T06:50:05,44.23761,-76.47203,-0.1,-49.6,101,WOLFE ISLANDER III,IMO7423079,VA3418,WOLFE ISLANDER III,under way using engine,62.49,20.27,2.3,60
316013007,2017-01-06T06:50:05,44.22761,-76.48203,-0.1,-49.6,101,WOLFE ISLANDER III,IMO7423079,VA3418,WOLFE ISLANDER III,under way using engine,62.49,20.27,2.3,60
316013007,2017-01-06T09:45:55,44.22034,-76.42105,-0.1,-49.6,115,WOLFE ISLANDER III,IMO7423079,VA3418,WOLFE ISLANDER III,under way using engine,62.49,20.27,2.3,60
316013007,2017-01-06T09:45:55,44.21034,-76.43105,-0.1,-49.6,115,WOLFE ISLANDER III,IMO7423079,VA3418,WOLFE ISLANDER III,under way using engine,62.49,20.27,2.3,60
316013007,2017-01-06T12:06:45,44.23761,-76.47202,-0.1,-49.6,100,WOLFE ISLANDER III,IMO7423079,VA3418,WOLFE ISLANDER III,under way using engine,62.49,20.27,2.3,60
316013007,2017-01-06T12:06:45,44.22761,-76.48202,-0.1,-49.6,100,WOLFE ISLANDER III,IMO7423079,VA3418,WOLFE ISLANDER III,under way using engine,62.49,20.27,2.3,60
316013007,2017-01-06T19:03:19,44.23761,-76.47156,-0.1,-49.6,96,WOLFE ISLANDER III,IMO7423079,VA3418,WOLFE ISLANDER III,under way using engine,62.49,20.27,2.3,60
316013007,2017-01-07T01:12:07,44.22304,-76.44104,-0.1,-49.6,98,WOLFE ISLANDER III,IMO7423079,VA3418,WOLFE ISLANDER III,under way using engine,62.49,20.27,2.3,60
316013007,2017-01-07T01:12:07,44.21304,-76.45104,-0.1,-49.6,98,WOLFE ISLANDER III,IMO7423079,VA3418,WOLFE ISLANDER III,under way using engine,62.49,20.27,2.3,60
316013007,2017-01-07T07:20:08,44.22116,-76.42543,-0.1,-49.6,100,WOLFE ISLANDER III,IMO7423079,VA3418,WOLFE ISLANDER III,under way using engine,62.49,20.27,2.3,60
316013007,2017-01-07T07:20:08,44.21116,-76.43543,-0.1,-49.6,100,WOLFE ISLANDER III,IMO7423079,VA3418,WOLFE ISLANDER III,under way using engine,62.49,20.27,2.3,60
316013007,2017-01-07T11:58:46,44.22136,-76.47916,-0.1,-49.6,173,WOLFE ISLANDER III,IMO7423079,VA3418,WOLFE ISLANDER III,under way using engine,62.49,20.27,2.3,60
316013007,2017-01-07T16:36:59,44.21884,-76.47745,-0.1,-49.6,156,WOLFE ISLANDER III,IMO7423079,VA3418,WOLFE ISLANDER III,under way using engine,62.49,20.27,2.3,60
316013007,2017-01-07T19:00:02,44.23761,-76.47202,-0.1,-49.6,101,WOLFE ISLANDER III,IMO7423079,VA3418,WOLFE ISLANDER III,under way using engine,62.49,20.27,2.3,60
316013007,2017-01-07T19:00:02,44.22761,-76.48202,-0.1,-49.6,101,WOLFE ISLANDER III,IMO7423079,VA3418,WOLFE ISLANDER III,under way using engine,62.49,20.27,2.3,60
316013007,2017-01-08T02:30:57,44.22033,-76.42105,-0.1,-49.6,116,WOLFE ISLANDER III,IMO7423079,VA3418,WOLFE ISLANDER III,under way using engine,62.49,20.27,2.3,60
316013007,2017-01-08T02:30:57,44.21033,-76.43105,-0.1,-49.6,116,WOLFE ISLANDER III,IMO7423079,VA3418,WOLFE ISLANDER III,under way using engine,62.49,20.27,2.3,60
316013007,2017-01-08T02:57:06,44.23762,-76.47204,-0.1,-49.6,101,WOLFE ISLANDER III,IMO7423079,VA3418,WOLFE ISLANDER III,under way using engine,62.49,20.27,2.3,60
316013007,2017-01-08T02:57:06,44.22762,-76.48204,-0.1,-49.6,101,WOLFE ISLANDER III,IMO7423079,VA3418,WOLFE ISLANDER III,under way using engine,62.49,20.27,2.3,60
316013007,2017-01-08T13:30:25,44.23761,-76.47204,-0.1,-49.6,101,WOLFE ISLANDER III,IMO7423079,VA3418,WOLFE ISLANDER III,under way using engine,62.49,20.27,2.3,60
316013007,2017-01-08T13:30:25,44.22761,-76.48204,-0.1,-49.6,101,WOLFE ISLANDER III,IMO7423079,VA3418,WOLFE ISLANDER III,under way using engine,62.49,20.27,2.3,60
316013007,2017-01-08T19:13:47,44.22373,-76.44174,-0.1,-49.6,99,WOLFE ISLANDER III,IMO7423079,VA3418,WOLFE ISLANDER III,under way using engine,62.49,20.27,2.3,60
316013007,2017-01-08T19:13:47,44.21373,-76.45174,-0.1,-49.6,99,WOLFE ISLANDER III,IMO7423079,VA3418,WOLFE ISLANDER III,under way using engine,62.49,20.27,2.3,60
316013007,2017-01-08T20:16:28,44.22034,-76.42105,-0.1,-49.6,115,WOLFE ISLANDER III,IMO7423079,VA3418,WOLFE ISLANDER III,under way using engine,62.49,20.27,2.3,60
316013007,2017-01-08T20:16:28,44.21034,-76.43105,-0.1,-49.6,115,WOLFE ISLANDER III,IMO7423079,VA3418,WOLFE ISLANDER III,under way using engine,62.49,20.27,2.3,60
316013007,2017-01-09T06:11:38,44.22032,-76.42105,-0.1,-49.6,115,WOLFE ISLANDER III,IMO7423079,VA3418,WOLFE ISLANDER III,under way using engine,62.49,20.27,2.3,60
316013007,2017-01-09T06:11:38,44.21032,-76.43105,-0.1,-49.6,115,WOLFE ISLANDER III,IMO7423079,VA3418,WOLFE ISLANDER III,under way using engine,62.49,20.27,2.3,60
316013007,2017-01-09T07:48:20,44.22035,-76.42107,-0.1,-49.6,114,WOLFE ISLANDER III,IMO7423079,VA3418,WOLFE ISLANDER III,under way using engine,62.49,20.27,2.3,60
316013007,2017-01-09T07:48:20,44.21035,-76.43107,-0.1,-49.6,114,WOLFE ISLANDER III,IMO7423079,VA3418,WOLFE ISLANDER III,under way using engine,62.49,20.27,2.3,60
316013007,2017-01-09T17:27:58,44.23761,-76.47203,-0.1,-49.6,101,WOLFE ISLANDER III,IMO7423079,VA3418,WOLFE ISLANDER III,under way using engine,62.49,20.27,2.3,60
316013007,2017-01-09T17:27:58,44.22761,-76.48203,-0.1,-49.6,101,WOLFE ISLANDER III,IMO7423079,VA3418,WOLFE ISLANDER III,under way using engine,62.49,20.27,2.3,60
316013007,2017-01-10T02:59:01,44.23762,-76.47203,-0.1,-49.6,100,WOLFE ISLANDER III,IMO7423079,VA3418,WOLFE ISLANDER III,under way using engine,62.49,20.27,2.3,60
316013007,2017-01-10T02:59:01,44.22762,-76.48203,-0.1,-49.6,100,WOLFE ISLANDER III,IMO7423079,VA3418,WOLFE ISLANDER III,under way using engine,62.49,20.27,2.3,60
316013007,2017-01-10T04:11:47,44.2376,-76.47203,-0.1,-49.6,100,WOLFE ISLANDER III,IMO7423079,VA3418,WOLFE ISLANDER III,under way using engine,62.49,20.27,2.3,60
316013007,2017-01-10T04:11:47,44.2276,-76.48203,-0.1,-49.6,100,WOLFE ISLANDER III,IMO7423079,VA3418,WOLFE ISLANDER III,under way using engine,62.49,20.27,2.3,60
316013007,2017-01-10T04:34:57,44.2244,-76.44236,-0.1,-49.6,104,WOLFE ISLANDER III,IMO7423079,VA3418,WOLFE ISLANDER III,under way using engine,62.49,20.27,2.3,60
316013007,2017-01-10T04:34:57,44.2144,-76.45236,-0.1,-49.6,104,WOLFE ISLANDER III,IMO7423079,VA3418,WOLFE ISLANDER III,under way using engine,62.49,20.27,2.3,60
316013007,2017-01-10T09:53:08,44.22033,-76.42107,-0.1,-49.6,116,WOLFE ISLANDER III,IMO7423079,VA3418,WOLFE ISLANDER III,under way using engine,62.49,20.27,2.3,60
316013007,2017-01-10T09:53:08,44.21033,-76.43107,-0.1,-49.6,116,WOLFE ISLANDER III,IMO7423079,VA3418,WOLFE ISLANDER III,under way using engine,62.49,20.27,2.3,60
316013007,2017-01-10T13:17:46,44.2376,-76.47203,-0.1,-49.6,101,WOLFE ISLANDER III,IMO7423079,VA3418,WOLFE ISLANDER III,under way using engine,62.49,20.27,2.3,60
316013007,2017-01-10T13:17:46,44.2276,-76.48203,-0.1,-49.6,101,WOLFE ISLANDER III,IMO7423079,VA3418,WOLFE ISLANDER III,under way using engine,62.49,20.27,2.3,60
316013007,2017-01-10T14:50:01,44.2209,-76.42448,-0.1,-49.6,104,WOLFE ISLANDER III,IMO7423079,VA3418,WOLFE ISLANDER III,under way using engine,62.49,20.27,2.3,60
316013007,2017-01-10T14:50:01,44.2109,-76.43448,-0.1,-49.6,104,WOLFE ISLANDER III,IMO7423079,VA3418,WOLFE ISLANDER III,under way using engine,62.49,20.27,2.3,60
316013007,2017-01-11T02:52:08,44.23761,-76.47202,-0.1,-49.6,101,WOLFE ISLANDER III,IMO7423079,VA3418,WOLFE ISLANDER III,under way using engine,62.49,20.27,2.3,60
316013007,2017-01-11T02:52:08,44.22761,-76.48202,-0.1,-49.6,101,WOLFE ISLANDER III,IMO7423079,VA3418,WOLFE ISLANDER III,under way using engine,62.49,20.27,2.3,60
316013007,2017-01-11T06:27:28,44.22331,-76.44036,-0.1,-49.6,99,WOLFE ISLANDER III,IMO7423079,VA3418,WOLFE ISLANDER III,under way using engine,62.49,20.27,2.3,60
316013007,2017-01-11T06:27:28,44.21331,-76.45036,-0.1,-49.6,99,WOLFE ISLANDER III,IMO7423079,VA3418,WOLFE ISLANDER III,under way using engine,62.49,20.27,2.3,60
316013007,2017-01-11T10:56:10,44.22412,-76.44671,-0.1,-49.6,102,WOLFE ISLANDER III,IMO7423079,VA3418,WOLFE ISLANDER III,under way using engine,62.49,20.27,2.3,60
316013007,2017-01-11T10:56:10,44.21412,-76.45671,-0.1,-49.6,102,WOLFE ISLANDER III,IMO7423079,VA3418,WOLFE ISLANDER III,under way using engine,62.49,20.27,2.3,60
316013007,2017-01-12T00:40:27,44.22602,-76.45479,-0.1,-49.6,101,WOLFE ISLANDER III,IMO7423079,VA3418,WOLFE ISLANDER III,under way using engine,62.49,20.27,2.3,60
316013007,2017-01-12T00:40:27,44.21602,-76.46479,-0.1,-49.6,101,WOLFE ISLANDER III,IMO7423079,VA3418,WOLFE ISLANDER III,under way using engine,62.49,20.27,2.3,60
316013007,2017-01-12T00:54:47,44.23761,-76.47203,-0.1,-49.6,101,WOLFE ISLANDER III,IMO7423079,VA3418,WOLFE ISLANDER III,under way using engine,62.49,20.27,2.3,60
316013007,2017-01-12T00:54:47,44.22761,-76.48203,-0.1,-49.6,101,WOLFE ISLANDER III,IMO7423079,VA3418,WOLFE ISLANDER III,under way using engine,62.49,20.27,2.3,60
316013007,2017-01-12T02:37:36,44.22426,-76.44264,-0.1,-49.6,93,WOLFE ISLANDER III,IMO7423079,VA3418,WOLFE ISLANDER III,under way using engine,62.49,20.27,2.3,60
316013007,2017-01-12T02:37:36,44.21426,-76.45264,-0.1,-49.6,93,WOLFE ISLANDER III,IMO7423079,VA3418,WOLFE ISLANDER III,under way using engine,62.49,20.27,2.3,60
316013007,2017-01-12T12:28:28,44.2227,-76.43809,-0.1,-49.6,98,WOLFE ISLANDER III,IMO7423079,VA3418,WOLFE ISLANDER III,under way using engine,62.49,20.27,2.3,60
316013007,2017-01-12T12:28:28,44.2127,-76.44809,-0.1,-49.6,98,WOLFE ISLANDER III,IMO7423079,VA3418,WOLFE ISLANDER III,under way using engine,62.49,20.27,2.3,60
316013007,2017-01-12T20:11:40,44.22246,-76.44916,-0.1,-49.6,96,WOLFE ISLANDER III,IMO7423079,VA3418,WOLFE ISLANDER III,under way using engine,62.49,20.27,2.3,60
316013007,2017-01-12T20:11:40,44.21246,-76.45916,-0.1,-49.6,96,WOLFE ISLANDER III,IMO7423079,VA3418,WOLFE ISLANDER III,under way using engine,62.49,20.27,2.3,60
316013007,2017-01-13T01:06:09,44.22688,-76.46757,-0.1,-49.6,123,WOLFE ISLANDER III,IMO7423079,VA3418,WOLFE ISLANDER III,under way using engine,62.49,20.27,2.3,60
316013007,2017-01-13T01:06:09,44.21688,-76.47757,-0.1,-49.6,123,WOLFE ISLANDER III,IMO7423079,VA3418,WOLFE ISLANDER III,under way using engine,62.49,20.27,2.3,60
316013007,2017-01-13T02:29:27,44.22035,-76.42105,-0.1,-49.6,116,WOLFE ISLANDER III,IMO7423079,VA3418,WOLFE ISLANDER III,under way using engine,62.49,20.27,2.3,60
316013007,2017-01-13T02:29:27,44.21035,-76.43105,-0.1,-49.6,116,WOLFE ISLANDER III,IMO7423079,VA3418,WOLFE ISLANDER III,under way using engine,62.49,20.27,2.3,60
316013007,2017-01-13T04:54:20,44.22034,-76.42105,-0.1,-49.6,116,WOLFE ISLANDER III,IMO7423079,VA3418,WOLFE ISLANDER III,under way using engine,62.49,20.27,2.3,60
316013007,2017-01-13T04:54:20,44.21034,-76.43105,-0.1,-49.6,116,WOLFE ISLANDER III,IMO7423079,VA3418,WOLFE ISLANDER III,under way using engine,62.49,20.27,2.3,60
316013007,2017-01-13T14:38:28,44.22687,-76.46575,-0.1,-49.6,106,WOLFE ISLANDER III,IMO7423079,VA3418,WOLFE ISLANDER III,under way using engine,62.49,20.27,2.3,60
316013007,2017-01-13T14:38:28,44.21687,-76.47575,-0.1,-49.6,106,WOLFE ISLANDER III,IMO7423079,VA3418,WOLFE ISLANDER III,under way using engine,62.49,20.27,2.3,60
316013007,2017-01-13T17:41:57,44.22349,-76.44649,-0.1,-49.6,98,WOLFE ISLANDER III,IMO7423079,VA3418,WOLFE ISLANDER III,under way using engine,62.49,20.27,2.3,60
316013007,2017-01-13T17:41:57,44.21349,-76.45649,-0.1,-49.6,98,WOLFE ISLANDER III,IMO7423079,VA3418,WOLFE ISLANDER III,under way using engine,62.49,20.27,2.3,60
316013007,2017-01-14T04:20:59,44.23761,-76.47204,-0.1,-49.6,100,WOLFE ISLANDER III,IMO7423079,VA3418,WOLFE ISLANDER III,under way using engine,62.49,20.27,2.3,60
316013007,2017-01-14T04:20:59,44.22761,-76.48204,-0.1,-49.6,100,WOLFE ISLANDER III,IMO7423079,VA3418,WOLFE ISLANDER III,under way using engine,62.49,20.27,2.3,60
316013007,2017-01-14T15:09:26,44.22373,-76.44385,-0.1,-49.6,98,WOLFE ISLANDER III,IMO7423079,VA3418,WOLFE ISLANDER III,under way using engine,62.49,20.27,2.3,60
316013007,2017-01-14T15:09:26,44.21373,-76.45385,-0.1,-49.6,98,WOLFE ISLANDER III,IMO7423079,VA3418,WOLFE ISLANDER III,under way using engine,62.49,20.27,2.3,60
316013007,2017-01-14T15:17:16,44.22057,-76.47819,-0.1,-49.6,172,WOLFE ISLANDER III,IMO7423079,VA3418,WOLFE ISLANDER III,under way using engine,62.49,20.27,2.3,60
316013007,2017-01-14T18:55:37,44.2376,-76.47201,-0.1,-49.6,101,WOLFE ISLANDER III,IMO7423079,VA3418,WOLFE ISLANDER III,under way using engine,62.49,20.27,2.3,60
316013007,2017-01-14T18:55:37,44.2276,-76.48201,-0.1,-49.6,101,WOLFE ISLANDER III,IMO7423079,VA3418,WOLFE ISLANDER III,under way using engine,62.49,20.27,2.3,60
316013007,2017-01-14T21:26:32,44.22034,-76.42103,-0.1,-49.6,115,WOLFE ISLANDER III,IMO7423079,VA3418,WOLFE ISLANDER III,under way using engine,62.49,20.27,2.3,60
316013007,2017-01-14T21:26:32,44.21034,-76.43103,-0.1,-49.6,115,WOLFE ISLANDER III,IMO7423079,VA3418,WOLFE ISLANDER III,under way using engine,62.49,20.27,2.3,60
316013007,2017-01-14T22:15:08,44.22322,-76.44066,-0.1,-49.6,99,WOLFE ISLANDER III,IMO7423079,VA3418,WOLFE ISLANDER III,under way using engine,62.49,20.27,2.3,60
316013007,2017-01-14T22:15:08,44.21322,-76.45066,-0.1,-49.6,99,WOLFE ISLANDER III,IMO7423079,VA3418,WOLFE ISLANDER III,under way using engine,62.49,20.27,2.3,60
316013007,2017-01-15T03:45:55,44.22278,-76.4353,-0.1,-49.6,100,WOLFE ISLANDER III,IMO7423079,VA3418,WOLFE ISLANDER III,under way using engine,62.49,20.27,2.3,60
316013007,2017-01-15T03:45:55,44.21278,-76.4453,-0.1,-49.6,100,WOLFE ISLANDER III,IMO7423079,VA3418,WOLFE ISLANDER III,under way using engine,62.49,20.27,2.3,60
316013007,2017-01-15T05:08:05,44.22418,-76.44227,-0.1,-49.6,97,WOLFE ISLANDER III,IMO7423079,VA3418,WOLFE ISLANDER III,under way using engine,62.49,20.27,2.3,60
316013007,2017-01-15T05:08:05,44.21418,-76.45227,-0.1,-49.6,97,WOLFE ISLANDER III,IMO7423079,VA3418,WOLFE ISLANDER III,under way using engine,62.49,20.27,2.3,60
316013007,2017-01-15T06:09:45,44.22034,-76.42105,-0.1,-49.6,116,WOLFE ISLANDER III,IMO7423079,VA3418,WOLFE ISLANDER III,under way using engine,62.49,20.27,2.3,60
316013007,2017-01-15T06:09:45,44.21034,-76.43105,-0.1,-49.6,116,WOLFE ISLANDER III,IMO7423079,VA3418,WOLFE ISLANDER III,under way using engine,62.49,20.27,2.3,60
316013007,2017-01-15T08:56:47,44.22035,-76.42105,-0.1,-49.6,115,WOLFE ISLANDER III,IMO7423079,VA3418,WOLFE ISLANDER III,under way using engine,62.49,20.27,2.3,60
316013007,2017-01-15T08:56:47,44.21035,-76.43105,-0.1,-49.6,115,WOLFE ISLANDER III,IMO7423079,VA3418,WOLFE ISLANDER III,under way using engine,62.49,20.27,2.3,60
316013007,2017-01-15T14:28:57,44.2376,-76.47202,-0.1,-49.6,100,WOLFE ISLANDER III,IMO7423079,VA3418,WOLFE ISLANDER III,under way using engine,62.49,20.27,2.3,60
316013007,2017-01-15T14:28:57,44.2276,-76.48202,-0.1,-49.6,100,WOLFE ISLANDER III,IMO7423079,VA3418,WOLFE ISLANDER III,under way using engine,62.49,20.27,2.3,60
316013007,2017-01-15T16:24:49,44.23761,-76.47204,-0.1,-49.6,101,WOLFE ISLANDER III,IMO7423079,VA3418,WOLFE ISLANDER III,under way using engine,62.49,20.27,2.3,60
316013007,2017-01-15T16:24:49,44.22761,-76.48204,-0.1,-49.6,101,WOLFE ISLANDER III,IMO7423079,VA3418,WOLFE ISLANDER III,under way using engine,62.49,20.27,2.3,60
316013007,2017-01-15T16:47:07,44.22166,-76.4317,-0.1,-49.6,100,WOLFE ISLANDER III,IMO7423079,VA3418,WOLFE ISLANDER III,under way using engine,62.49,20.27,2.3,60
316013007,2017-01-15T16:47:07,44.21166,-76.4417,-0.1,-49.6,100,WOLFE ISLANDER III,IMO7423079,VA3418,WOLFE ISLANDER III,under way using engine,62.49,20.27,2.3,60
316013007,2017-01-15T19:08:28,44.22698,-76.46404,-0.1,-49.6,100,WOLFE ISLANDER III,IMO7423079,VA3418,WOLFE ISLANDER III,under way using engine,62.49,20.27,2.3,60
316013007,2017-01-15T19:08:28,44.21698,-76.47404,-0.1,-49.6,100,WOLFE ISLANDER III,IMO7423079,VA3418,WOLFE ISLANDER III,under way using engine,62.49,20.27,2.3,60
316013007,2017-01-16T00:34:16,44.22194,-76.43,-0.1,-49.6,99,WOLFE ISLANDER III,IMO7423079,VA3418,WOLFE ISLANDER III,under way using engine,62.49,20.27,2.3,60
316013007,2017-01-16T00:34:16,44.21194,-76.44,-0.1,-49.6,99,WOLFE ISLANDER III,IMO7423079,VA3418,WOLFE ISLANDER III,under way using engine,62.49,20.27,2.3,60
316013007,2017-01-16T09:13:07,44.22035,-76.42106,-0.1,-49.6,115,WOLFE ISLANDER III,IMO7423079,VA3418,WOLFE ISLANDER III,under way using engine,62.49,20.27,2.3,60
316013007,2017-01-16T09:13:07,44.21035,-76.43106,-0.1,-49.6,115,WOLFE ISLANDER III,IMO7423079,VA3418,WOLFE ISLANDER III,under way using engine,62.49,20.27,2.3,60
316013007,2017-01-16T12:35:56,44.22034,-76.42105,-0.1,-49.6,116,WOLFE ISLANDER III,IMO7423079,VA3418,WOLFE ISLANDER III,under way using engine,62.49,20.27,2.3,60
316013007,2017-01-16T12:35:56,44.21034,-76.43105,-0.1,-49.6,116,WOLFE ISLANDER III,IMO7423079,VA3418,WOLFE ISLANDER III,under way using engine,62.49,20.27,2.3,60
316013007,2017-01-16T13:10:46,44.23761,-76.47203,-0.1,-49.6,100,WOLFE ISLANDER III,IMO7423079,VA3418,WOLFE ISLANDER III,under way using engine,62.49,20.27,2.3,60
316013007,2017-01-16T13:10:46,44.22761,-76.48203,-0.1,-49.6,100,WOLFE ISLANDER III,IMO7423079,VA3418,WOLFE ISLANDER III,under way using engine,62.49,20.27,2.3,60
316013007,2017-01-16T22:28:18,44.22034,-76.42104,-0.1,-49.6,115,WOLFE ISLANDER III,IMO7423079,VA3418,WOLFE ISLANDER III,under way using engine,62.49,20.27,2.3,60
316013007,2017-01-16T22:28:18,44.21034,-76.43104,-0.1,-49.6,115,WOLFE ISLANDER III,IMO7423079,VA3418,WOLFE ISLANDER III,under way using engine,62.49,20.27,2.3,60
316013007,2017-01-17T17:23:31,44.23763,-76.47204,-0.1,-49.6,100,WOLFE ISLANDER III,IMO7423079,VA3418,WOLFE ISLANDER III,under way using engine,62.49,20.27,2.3,60
316013007,2017-01-17T17:23:31,44.22763,-76.48204,-0.1,-49.6,100,WOLFE ISLANDER III,IMO7423079,VA3418,WOLFE ISLANDER III,under way using engine,62.49,20.27,2.3,60
316013007,2017-01-17T22:45:47,44.22288,-76.47927,-0.1,-49.6,176,WOLFE ISLANDER III,IMO7423079,VA3418,WOLFE ISLANDER III,under way using engine,62.49,20.27,2.3,60
316013007,2017-01-17T22:48:00,44.23762,-76.47126,-0.1,-49.6,94,WOLFE ISLANDER III,IMO7423079,VA3418,WOLFE ISLANDER III,under way using engine,62.49,20.27,2.3,60

316013007,2017-01-18T05:29:53,44.2376,-76.47204,-0.1,-49.6,100,WOLFE ISLANDER III,IMO7423079,VA3418,WOLFE ISLANDER III,under way using engine,62.49,20.27,2.3,60
316013007,2017-01-18T05:29:53,44.2276,-76.48204,-0.1,-49.6,100,WOLFE ISLANDER III,IMO7423079,VA3418,WOLFE ISLANDER III,under way using engine,62.49,20.27,2.3,60
316013007,2017-01-18T21:43:01,44.21537,-76.46421,-0.1,-49.6,100,WOLFE ISLANDER III,IMO7423079,VA3418,WOLFE ISLANDER III,under way using engine,62.49,20.27,2.3,60
316013007,2017-01-18T22:18:59,44.22056,-76.42337,-0.1,-49.6,98,WOLFE ISLANDER III,IMO7423079,VA3418,WOLFE ISLANDER III,under way using engine,62.49,20.27,2.3,60
316013007,2017-01-18T22:18:59,44.21056,-76.43337,-0.1,-49.6,98,WOLFE ISLANDER III,IMO7423079,VA3418,WOLFE ISLANDER III,under way using engine,62.49,20.27,2.3,60
316013007,2017-01-18T22:51:28,44.22459,-76.47865,-0.1,-49.6,170,WOLFE ISLANDER III,IMO7423079,VA3418,WOLFE ISLANDER III,under way using engine,62.49,20.27,2.3,60

316013007,2017-01-19T21:46:49,44.22071,-76.47832,-0.1,-49.6,172,WOLFE ISLANDER III,IMO7423079,VA3418,WOLFE ISLANDER III,under way using engine,62.49,20.27,2.3,60
316013007,2017-01-19T23:57:20,44.23761,-76.47203,-0.1,-49.6,102,WOLFE ISLANDER III,IMO7423079,VA3418,WOLFE ISLANDER III,under way using engine,62.49,20.27,2.3,60
316013007,2017-01-19T23:57:20,44.22761,-76.48203,-0.1,-49.6,102,WOLFE ISLANDER III,IMO7423079,VA3418,WOLFE ISLANDER III,under way using engine,62.49,20.27,2.3,60
316013007,2017-01-20T04:45:48,44.22034,-76.42104,-0.1,-49.6,115,WOLFE ISLANDER III,IMO7423079,VA3418,WOLFE ISLANDER III,under way using engine,62.49,20.27,2.3,60
316013007,2017-01-20T04:45:48,44.21034,-76.43104,-0.1,-49.6,115,WOLFE ISLANDER III,IMO7423079,VA3418,WOLFE ISLANDER III,under way using engine,62.49,20.27,2.3,60
316013007,2017-01-20T09:17:47,44.22034,-76.42105,-0.1,-49.6,116,WOLFE ISLANDER III,IMO7423079,VA3418,WOLFE ISLANDER III,under way using engine,62.49,20.27,2.3,60
316013007,2017-01-20T09:17:47,44.21034,-76.43105,-0.1,-49.6,116,WOLFE ISLANDER III,IMO7423079,VA3418,WOLFE ISLANDER III,under way using engine,62.49,20.27,2.3,60
316013007,2017-01-20T17:37:49,44.22659,-76.4613,-0.1,-49.6,100,WOLFE ISLANDER III,IMO7423079,VA3418,WOLFE ISLANDER III,under way using engine,62.49,20.27,2.3,60
316013007,2017-01-20T17:37:49,44.21659,-76.4713,-0.1,-49.6,100,WOLFE ISLANDER III,IMO7423079,VA3418,WOLFE ISLANDER III,under way using engine,62.49,20.27,2.3,60
316013007,2017-01-20T18:18:48,44.22099,-76.42509,-0.1,-49.6,102,WOLFE ISLANDER III,IMO7423079,VA3418,WOLFE ISLANDER III,under way using engine,62.49,20.27,2.3,60
316013007,2017-01-20T18:18:48,44.21099,-76.43509,-0.1,-49.6,102,WOLFE ISLANDER III,IMO7423079,VA3418,WOLFE ISLANDER III,under way using engine,62.49,20.27,2.3,60
316013007,2017-01-21T07:43:47,44.22033,-76.42104,-0.1,-49.6,115,WOLFE ISLANDER III,IMO7423079,VA3418,WOLFE ISLANDER III,under way using engine,62.49,20.27,2.3,60
316013007,2017-01-21T07:43:47,44.21033,-76.43104,-0.1,-49.6,115,WOLFE ISLANDER III,IMO7423079,VA3418,WOLFE ISLANDER III,under way using engine,62.49,20.27,2.3,60
316013007,2017-01-21T10:24:18,44.22036,-76.42106,-0.1,-49.6,115,WOLFE ISLANDER III,IMO7423079,VA3418,WOLFE ISLANDER III,under way using engine,62.49,20.27,2.3,60
316013007,2017-01-21T10:24:18,44.21036,-76.43106,-0.1,-49.6,115,WOLFE ISLANDER III,IMO7423079,VA3418,WOLFE ISLANDER III,under way using engine,62.49,20.27,2.3,60
316013007,2017-01-21T19:52:37,44.2376,-76.47204,-0.1,-49.6,100,WOLFE ISLANDER III,IMO7423079,VA3418,WOLFE ISLANDER III,under way using engine,62.49,20.27,2.3,60
316013007,2017-01-21T19:52:37,44.2276,-76.48204,-0.1,-49.6,100,WOLFE ISLANDER III,IMO7423079,VA3418,WOLFE ISLANDER III,under way using engine,62.49,20.27,2.3,60
316013007,2017-01-21T22:36:56,44.22447,-76.44688,-0.1,-49.6,105,WOLFE ISLANDER III,IMO7423079,VA3418,WOLFE ISLANDER III,under way using engine,62.49,20.27,2.3,60
316013007,2017-01-21T22:36:56,44.21447,-76.45688,-0.1,-49.6,105,WOLFE ISLANDER III,IMO7423079,VA3418,WOLFE ISLANDER III,under way using engine,62.49,20.27,2.3,60
316013007,2017-01-22T07:57:29,44.22035,-76.42105,-0.1,-49.6,115,WOLFE ISLANDER III,IMO7423079,VA3418,WOLFE ISLANDER III,under way using engine,62.49,20.27,2.3,60
316013007,2017-01-22T07:57:29,44.21035,-76.43105,-0.1,-49.6,115,WOLFE ISLANDER III,IMO7423079,VA3418,WOLFE ISLANDER III,under way using engine,62.49,20.27,2.3,60
316013007,2017-01-22T12:33:37,44.22045,-76.42402,-0.1,-49.6,92,WOLFE ISLANDER III,IMO7423079,VA3418,WOLFE ISLANDER III,under way using engine,62.49,20.27,2.3,60
316013007,2017-01-22T12:33:37,44.21045,-76.43402,-0.1,-49.6,92,WOLFE ISLANDER III,IMO7423079,VA3418,WOLFE ISLANDER III,under way using engine,62.49,20.27,2.3,60
316013007,2017-01-22T16:22:01,44.23761,-76.47204,-0.1,-49.6,101,WOLFE ISLANDER III,IMO7423079,VA3418,WOLFE ISLANDER III,under way using engine,62.49,20.27,2.3,60
316013007,2017-01-22T16:22:01,44.22761,-76.48204,-0.1,-49.6,101,WOLFE ISLANDER III,IMO7423079,VA3418,WOLFE ISLANDER III,under way using engine,62.49,20.27,2.3,60
316013007,2017-01-22T20:51:45,44.23761,-76.47201,-0.1,-49.6,100,WOLFE ISLANDER III,IMO7423079,VA3418,WOLFE ISLANDER III,under way using engine,62.49,20.27,2.3,60
316013007,2017-01-22T20:51:45,44.22761,-76.48201,-0.1,-49.6,100,WOLFE ISLANDER III,IMO7423079,VA3418,WOLFE ISLANDER III,under way using engine,62.49,20.27,2.3,60
316013007,2017-01-23T01:13:46,44.22224,-76.43899,-0.1,-49.6,96,WOLFE ISLANDER III,IMO7423079,VA3418,WOLFE ISLANDER III,under way using engine,62.49,20.27,2.3,60
316013007,2017-01-23T01:13:46,44.21224,-76.44899,-0.1,-49.6,96,WOLFE ISLANDER III,IMO7423079,VA3418,WOLFE ISLANDER III,under way using engine,62.49,20.27,2.3,60
316013007,2017-01-23T03:31:55,44.22032,-76.42104,-0.1,-49.6,115,WOLFE ISLANDER III,IMO7423079,VA3418,WOLFE ISLANDER III,under way using engine,62.49,20.27,2.3,60
316013007,2017-01-23T03:31:55,44.21032,-76.43104,-0.1,-49.6,115,WOLFE ISLANDER III,IMO7423079,VA3418,WOLFE ISLANDER III,under way using engine,62.49,20.27,2.3,60
316013007,2017-01-23T09:29:17,44.22035,-76.42105,-0.1,-49.6,116,WOLFE ISLANDER III,IMO7423079,VA3418,WOLFE ISLANDER III,under way using engine,62.49,20.27,2.3,60
316013007,2017-01-23T09:29:17,44.21035,-76.43105,-0.1,-49.6,116,WOLFE ISLANDER III,IMO7423079,VA3418,WOLFE ISLANDER III,under way using engine,62.49,20.27,2.3,60
316013007,2017-01-23T09:45:19,44.22035,-76.42104,-0.1,-49.6,116,WOLFE ISLANDER III,IMO7423079,VA3418,WOLFE ISLANDER III,under way using engine,62.49,20.27,2.3,60
316013007,2017-01-23T09:45:19,44.21035,-76.43104,-0.1,-49.6,116,WOLFE ISLANDER III,IMO7423079,VA3418,WOLFE ISLANDER III,under way using engine,62.49,20.27,2.3,60
316013007,2017-01-23T20:13:09,44.22327,-76.44317,-0.1,-49.6,99,WOLFE ISLANDER III,IMO7423079,VA3418,WOLFE ISLANDER III,under way using engine,62.49,20.27,2.3,60
316013007,2017-01-23T20:13:09,44.21327,-76.45317,-0.1,-49.6,99,WOLFE ISLANDER III,IMO7423079,VA3418,WOLFE ISLANDER III,under way using engine,62.49,20.27,2.3,60
316013007,2017-01-23T23:53:08,44.2376,-76.47201,-0.1,-49.6,102,WOLFE ISLANDER III,IMO7423079,VA3418,WOLFE ISLANDER III,under way using engine,62.49,20.27,2.3,60
316013007,2017-01-23T23:53:08,44.2276,-76.48201,-0.1,-49.6,102,WOLFE ISLANDER III,IMO7423079,VA3418,WOLFE ISLANDER III,under way using engine,62.49,20.27,2.3,60
316013007,2017-01-24T02:51:55,44.23762,-76.47202,-0.1,-49.6,102,WOLFE ISLANDER III,IMO7423079,VA3418,WOLFE ISLANDER III,under way using engine,62.49,20.27,2.3,60
316013007,2017-01-24T02:51:55,44.22762,-76.48202,-0.1,-49.6,102,WOLFE ISLANDER III,IMO7423079,VA3418,WOLFE ISLANDER III,under way using engine,62.49,20.27,2.3,60
316013007,2017-01-24T04:22:26,44.22656,-76.47899,-0.1,-49.6,166,WOLFE ISLANDER III,IMO7423079,VA3418,WOLFE ISLANDER III,under way using engine,62.49,20.27,2.3,60
316013007,2017-01-24T08:20:06,44.23761,-76.47204,-0.1,-49.6,100,WOLFE ISLANDER III,IMO7423079,VA3418,WOLFE ISLANDER III,under way using engine,62.49,20.27,2.3,60
316013007,2017-01-24T08:20:06,44.22761,-76.48204,-0.1,-49.6,100,WOLFE ISLANDER III,IMO7423079,VA3418,WOLFE ISLANDER III,under way using engine,62.49,20.27,2.3,60
316013007,2017-01-24T10:09:37,44.23762,-76.47204,-0.1,-49.6,101,WOLFE ISLANDER III,IMO7423079,VA3418,WOLFE ISLANDER III,under way using engine,62.49,20.27,2.3,60
316013007,2017-01-24T10:09:37,44.22762,-76.48204,-0.1,-49.6,101,WOLFE ISLANDER III,IMO7423079,VA3418,WOLFE ISLANDER III,under way using engine,62.49,20.27,2.3,60
316013007,2017-01-24T10:17:22,44.23762,-76.47205,-0.1,-49.6,101,WOLFE ISLANDER III,IMO7423079,VA3418,WOLFE ISLANDER III,under way using engine,62.49,20.27,2.3,60
316013007,2017-01-24T10:17:22,44.22762,-76.48205,-0.1,-49.6,101,WOLFE ISLANDER III,IMO7423079,VA3418,WOLFE ISLANDER III,under way using engine,62.49,20.27,2.3,60
316013007,2017-01-24T10:31:57,44.2216,-76.43054,-0.1,-49.6,94,WOLFE ISLANDER III,IMO7423079,VA3418,WOLFE ISLANDER III,under way using engine,62.49,20.27,2.3,60
316013007,2017-01-24T10:31:57,44.2116,-76.44054,-0.1,-49.6,94,WOLFE ISLANDER III,IMO7423079,VA3418,WOLFE ISLANDER III,under way using engine,62.49,20.27,2.3,60
316013007,2017-01-24T11:10:47,44.23762,-76.47202,-0.1,-49.6,101,WOLFE ISLANDER III,IMO7423079,VA3418,WOLFE ISLANDER III,under way using engine,62.49,20.27,2.3,60
316013007,2017-01-24T11:10:47,44.22762,-76.48202,-0.1,-49.6,101,WOLFE ISLANDER III,IMO7423079,VA3418,WOLFE ISLANDER III,under way using engine,62.49,20.27,2.3,60
316013007,2017-01-24T13:12:03,44.2376,-76.47204,-0.1,-49.6,101,WOLFE ISLANDER III,IMO7423079,VA3418,WOLFE ISLANDER III,under way using engine,62.49,20.27,2.3,60
316013007,2017-01-24T13:12:03,44.2276,-76.48204,-0.1,-49.6,101,WOLFE ISLANDER III,IMO7423079,VA3418,WOLFE ISLANDER III,under way using engine,62.49,20.27,2.3,60
316013007,2017-01-24T19:24:08,44.22033,-76.42105,-0.1,-49.6,115,WOLFE ISLANDER III,IMO7423079,VA3418,WOLFE ISLANDER III,under way using engine,62.49,20.27,2.3,60
316013007,2017-01-24T19:24:08,44.21033,-76.43105,-0.1,-49.6,115,WOLFE ISLANDER III,IMO7423079,VA3418,WOLFE ISLANDER III,under way using engine,62.49,20.27,2.3,60
316013007,2017-01-24T20:34:39,44.22132,-76.42987,-0.1,-49.6,98,WOLFE ISLANDER III,IMO7423079,VA3418,WOLFE ISLANDER III,under way using engine,62.49,20.27,2.3,60
316013007,2017-01-24T20:34:39,44.21132,-76.43987,-0.1,-49.6,98,WOLFE ISLANDER III,IMO7423079,VA3418,WOLFE ISLANDER III,under way using engine,62.49,20.27,2.3,60
316013007,2017-01-25T03:21:46,44.22034,-76.42104,-0.1,-49.6,115,WOLFE ISLANDER III,IMO7423079,VA3418,WOLFE ISLANDER III,under way using engine,62.49,20.27,2.3,60
316013007,2017-01-25T03:21:46,44.21034,-76.43104,-0.1,-49.6,115,WOLFE ISLANDER III,IMO7423079,VA3418,WOLFE ISLANDER III,under way using engine,62.49,20.27,2.3,60
316013007,2017-01-25T05:24:36,44.23762,-76.47203,-0.1,-49.6,100,WOLFE ISLANDER III,IMO7423079,VA3418,WOLFE ISLANDER III,under way using engine,62.49,20.27,2.3,60
316013007,2017-01-25T05:24:36,44.22762,-76.48203,-0.1,-49.6,100,WOLFE ISLANDER III,IMO7423079,VA3418,WOLFE ISLANDER III,under way using engine,62.49,20.27,2.3,60
316013007,2017-01-25T11:44:37,44.22035,-76.42103,-0.1,-49.6,116,WOLFE ISLANDER III,IMO7423079,VA3418,WOLFE ISLANDER III,under way using engine,62.49,20.27,2.3,60
316013007,2017-01-25T11:44:37,44.21035,-76.43103,-0.1,-49.6,116,WOLFE ISLANDER III,IMO7423079,VA3418,WOLFE ISLANDER III,under way using engine,62.49,20.27,2.3,60
316013007,2017-01-25T19:36:16,44.22311,-76.43785,-0.1,-49.6,97,WOLFE ISLANDER III,IMO7423079,VA3418,WOLFE ISLANDER III,under way using engine,62.49,20.27,2.3,60
316013007,2017-01-25T19:36:16,44.21311,-76.44785,-0.1,-49.6,97,WOLFE ISLANDER III,IMO7423079,VA3418,WOLFE ISLANDER III,under way using engine,62.49,20.27,2.3,60
316013007,2017-01-26T02:26:48,44.22034,-76.42103,-0.1,-49.6,116,WOLFE ISLANDER III,IMO7423079,VA3418,WOLFE ISLANDER III,under way using engine,62.49,20.27,2.3,60
316013007,2017-01-26T02:26:48,44.21034,-76.43103,-0.1,-49.6,116,WOLFE ISLANDER III,IMO7423079,VA3418,WOLFE ISLANDER III,under way using engine,62.49,20.27,2.3,60
316013007,2017-01-26T03:20:49,44.22128,-76.42896,-0.1,-49.6,98,WOLFE ISLANDER III,IMO7423079,VA3418,WOLFE ISLANDER III,under way using engine,62.49,20.27,2.3,60
316013007,2017-01-26T03:20:49,44.21128,-76.43896,-0.1,-49.6,98,WOLFE ISLANDER III,IMO7423079,VA3418,WOLFE ISLANDER III,under way using engine,62.49,20.27,2.3,60
316013007,2017-01-26T05:49:58,44.22541,-76.46036,-0.1,-49.6,100,WOLFE ISLANDER III,IMO7423079,VA3418,WOLFE ISLANDER III,under way using engine,62.49,20.27,2.3,60
316013007,2017-01-26T05:49:58,44.21541,-76.47036,-0.1,-49.6,100,WOLFE ISLANDER III,IMO7423079,VA3418,WOLFE ISLANDER III,under way using engine,62.49,20.27,2.3,60
316013007,2017-01-26T15:48:39,44.22044,-76.42158,-0.1,-49.6,107,WOLFE ISLANDER III,IMO7423079,VA3418,WOLFE ISLANDER III,under way using engine,62.49,20.27,2.3,60
316013007,2017-01-26T15:48:39,44.21044,-76.43158,-0.1,-49.6,107,WOLFE ISLANDER III,IMO7423079,VA3418,WOLFE ISLANDER III,under way using engine,62.49,20.27,2.3,60
316013007,2017-01-27T01:29:28,44.22034,-76.42105,-0.1,-49.6,115,WOLFE ISLANDER III,IMO7423079,VA3418,WOLFE ISLANDER III,under way using engine,62.49,20.27,2.3,60
316013007,2017-01-27T01:29:28,44.21034,-76.43105,-0.1,-49.6,115,WOLFE ISLANDER III,IMO7423079,VA3418,WOLFE ISLANDER III,under way using engine,62.49,20.27,2.3,60
316013007,2017-01-27T02:42:37,44.2161,-76.46411,-0.1,-49.6,97,WOLFE ISLANDER III,IMO7423079,VA3418,WOLFE ISLANDER III,under way using engine,62.49,20.27,2.3,60
316013007,2017-01-27T05:40:58,44.23762,-76.47203,-0.1,-49.6,101,WOLFE ISLANDER III,IMO7423079,VA3418,WOLFE ISLANDER III,under way using engine,62.49,20.27,2.3,60
316013007,2017-01-27T05:40:58,44.22762,-76.48203,-0.1,-49.6,101,WOLFE ISLANDER III,IMO7423079,VA3418,WOLFE ISLANDER III,under way using engine,62.49,20.27,2.3,60
316013007,2017-01-27T08:40:39,44.22035,-76.42106,-0.1,-49.6,116,WOLFE ISLANDER III,IMO7423079,VA3418,WOLFE ISLANDER III,under way using engine,62.49,20.27,2.3,60
316013007,2017-01-27T08:40:39,44.21035,-76.43106,-0.1,-49.6,116,WOLFE ISLANDER III,IMO7423079,VA3418,WOLFE ISLANDER III,under way using engine,62.49,20.27,2.3,60
316013007,2017-01-27T13:01:48,44.22732,-76.46383,-0.1,-49.6,98,WOLFE ISLANDER III,IMO7423079,VA3418,WOLFE ISLANDER III,under way using engine,62.49,20.27,2.3,60
316013007,2017-01-27T13:01:48,44.21732,-76.47383,-0.1,-49.6,98,WOLFE ISLANDER III,IMO7423079,VA3418,WOLFE ISLANDER III,under way using engine,62.49,20.27,2.3,60
316013007,2017-01-28T01:34:08,44.22251,-76.43141,-0.1,-49.6,101,WOLFE ISLANDER III,IMO7423079,VA3418,WOLFE ISLANDER III,under way using engine,62.49,20.27,2.3,60
316013007,2017-01-28T01:34:08,44.21251,-76.44141,-0.1,-49.6,101,WOLFE ISLANDER III,IMO7423079,VA3418,WOLFE ISLANDER III,under way using engine,62.49,20.27,2.3,60
316013007,2017-01-28T07:29:47,44.22035,-76.42105,-0.1,-49.6,115,WOLFE ISLANDER III,IMO7423079,VA3418,WOLFE ISLANDER III,under way using engine,62.49,20.27,2.3,60
316013007,2017-01-28T07:29:47,44.21035,-76.43105,-0.1,-49.6,115,WOLFE ISLANDER III,IMO7423079,VA3418,WOLFE ISLANDER III,under way using engine,62.49,20.27,2.3,60
316013007,2017-01-28T08:15:29,44.22034,-76.42105,-0.1,-49.6,115,WOLFE ISLANDER III,IMO7423079,VA3418,WOLFE ISLANDER III,under way using engine,62.49,20.27,2.3,60
316013007,2017-01-28T08:15:29,44.21034,-76.43105,-0.1,-49.6,115,WOLFE ISLANDER III,IMO7423079,VA3418,WOLFE ISLANDER III,under way using engine,62.49,20.27,2.3,60
316013007,2017-01-28T11:50:17,44.2226,-76.43611,-0.1,-49.6,101,WOLFE ISLANDER III,IMO7423079,VA3418,WOLFE ISLANDER III,under way using engine,62.49,20.27,2.3,60
316013007,2017-01-28T11:50:17,44.2126,-76.44611,-0.1,-49.6,101,WOLFE ISLANDER III,IMO7423079,VA3418,WOLFE ISLANDER III,under way using engine,62.49,20.27,2.3,60
316013007,2017-01-29T03:14:52,44.22248,-76.43966,-0.1,-49.6,101,WOLFE ISLANDER III,IMO7423079,VA3418,WOLFE ISLANDER III,under way using engine,62.49,20.27,2.3,60
316013007,2017-01-29T03:14:52,44.21248,-76.44966,-0.1,-49.6,101,WOLFE ISLANDER III,IMO7423079,VA3418,WOLFE ISLANDER III,under way using engine,62.49,20.27,2.3,60
316013007,2017-01-29T03:57:44,44.22067,-76.47948,-0.1,-49.6,177,WOLFE ISLANDER III,IMO7423079,VA3418,WOLFE ISLANDER III,under way using engine,62.49,20.27,2.3,60
316013007,2017-01-29T04:04:19,44.2376,-76.47205,-0.1,-49.6,100,WOLFE ISLANDER III,IMO7423079,VA3418,WOLFE ISLANDER III,under way using engine,62.49,20.27,2.3,60
316013007,2017-01-29T04:04:19,44.2276,-76.48205,-0.1,-49.6,100,WOLFE ISLANDER III,IMO7423079,VA3418,WOLFE ISLANDER III,under way using engine,62.49,20.27,2.3,60
316013007,2017-01-29T08:35:37,44.22033,-76.42105,-0.1,-49.6,116,WOLFE ISLANDER III,IMO7423079,VA3418,WOLFE ISLANDER III,under way using engine,62.49,20.27,2.3,60
316013007,2017-01-29T08:35:37,44.21033,-76.43105,-0.1,-49.6,116,WOLFE ISLANDER III,IMO7423079,VA3418,WOLFE ISLANDER III,under way using engine,62.49,20.27,2.3,60
316013007,2017-01-29T20:21:20,44.22053,-76.42176,-0.1,-49.6,114,WOLFE ISLANDER III,IMO7423079,VA3418,WOLFE ISLANDER III,under way using engine,62.49,20.27,2.3,60
316013007,2017-01-29T20:21:20,44.21053,-76.43176,-0.1,-49.6,114,WOLFE ISLANDER III,IMO7423079,VA3418,WOLFE ISLANDER III,under way using engine,62.49,20.27,2.3,60
316013007,2017-01-29T21:24:20,44.22034,-76.42103,-0.1,-49.6,115,WOLFE ISLANDER III,IMO7423079,VA3418,WOLFE ISLANDER III,under way using engine,62.49,20.27,2.3,60
316013007,2017-01-29T21:24:20,44.21034,-76.43103,-0.1,-49.6,115,WOLFE ISLANDER III,IMO7423079,VA3418,WOLFE ISLANDER III,under way using engine,62.49,20.27,2.3,60
316013007,2017-01-30T03:58:08,44.22635,-76.47954,-0.1,-49.6,157,WOLFE ISLANDER III,IMO7423079,VA3418,WOLFE ISLANDER III,under way using engine,62.49,20.27,2.3,60
316013007,2017-01-30T05:28:16,44.2376,-76.47203,-0.1,-49.6,101,WOLFE ISLANDER III,IMO7423079,VA3418,WOLFE ISLANDER III,under way using engine,62.49,20.27,2.3,60
316013007,2017-01-30T05:28:16,44.2276,-76.48203,-0.1,-49.6,101,WOLFE ISLANDER III,IMO7423079,VA3418,WOLFE ISLANDER III,under way using engine,62.49,20.27,2.3,60
316013007,2017-01-30T07:55:40,44.22033,-76.42105,-0.1,-49.6,115,WOLFE ISLANDER III,IMO7423079,VA3418,WOLFE ISLANDER III,under way using engine,62.49,20.27,2.3,60
316013007,2017-01-30T07:55:40,44.21033,-76.43105,-0.1,-49.6,115,WOLFE ISLANDER III,IMO7423079,VA3418,WOLFE ISLANDER III,under way using engine,62.49,20.27,2.3,60
316013007,2017-01-30T16:15:39,44.22351,-76.45045,-0.1,-49.6,97,WOLFE ISLANDER III,IMO7423079,VA3418,WOLFE ISLANDER III,under way using engine,62.49,20.27,2.3,60
316013007,2017-01-30T16:15:39,44.21351,-76.46045,-0.1,-49.6,97,WOLFE ISLANDER III,IMO7423079,VA3418,WOLFE ISLANDER III,under way using engine,62.49,20.27,2.3,60
316013007,2017-01-30T20:03:47,44.22507,-76.47914,-0.1,-49.6,172,WOLFE ISLANDER III,IMO7423079,VA3418,WOLFE ISLANDER III,under way using engine,62.49,20.27,2.3,60
316013007,2017-01-30T21:02:17,44.23759,-76.47204,-0.1,-49.6,101,WOLFE ISLANDER III,IMO7423079,VA3418,WOLFE ISLANDER III,under way using engine,62.49,20.27,2.3,60
316013007,2017-01-30T21:02:17,44.22759,-76.48204,-0.1,-49.6,101,WOLFE ISLANDER III,IMO7423079,VA3418,WOLFE ISLANDER III,under way using engine,62.49,20.27,2.3,60
316013007,2017-01-31T01:56:18,44.23762,-76.47204,-0.1,-49.6,101,WOLFE ISLANDER III,IMO7423079,VA3418,WOLFE ISLANDER III,under way using engine,62.49,20.27,2.3,60
316013007,2017-01-31T01:56:18,44.22762,-76.48204,-0.1,-49.6,101,WOLFE ISLANDER III,IMO7423079,VA3418,WOLFE ISLANDER III,under way using engine,62.49,20.27,2.3,60
316013007,2017-01-31T13:05:58,44.23762,-76.47204,-0.1,-49.6,100,WOLFE ISLANDER III,IMO7423079,VA3418,WOLFE ISLANDER III,under way using engine,62.49,20.27,2.3,60
316013007,2017-01-31T13:05:58,44.22762,-76.48204,-0.1,-49.6,100,WOLFE ISLANDER III,IMO7423079,VA3418,WOLFE ISLANDER III,under way using engine,62.49,20.27,2.3,60
316013007,2017-01-31T14:41:46,44.22311,-76.44245,-0.1,-49.6,96,WOLFE ISLANDER III,IMO7423079,VA3418,WOLFE ISLANDER III,under way using engine,62.49,20.27,2.3,60
316013007,2017-01-31T14:41:46,44.21311,-76.45245,-0.1,-49.6,96,WOLFE ISLANDER III,IMO7423079,VA3418,WOLFE ISLANDER III,under way using engine,62.49,20.27,2.3,60
